Alex - Alexander, Alexandra, Alexis, Alexandria, Alexa
Andi, Andie, Andy - Andrea, Andre, Andrew
Ash - Asher, Ashley, Ashlyn, Ashton
Berni, Bernie, Berny - Berenice, Bernard, Bernadette
Berti, Bertie, Berty - Albert, Alberta, Alberto, Robert, Roberta, Roberto
Bobbi, Bobbie, Bobby - Robert, Roberta, Roberto
Cas - Casper, Cassandra, Cassian, Cassidy, Castiel
Cassi, Cassie, Cassy - Casper, Cassandra, Cassian, Cassidy
Charli, Charlie, Charly - Charlene, Charles, Charlotte
Chris - Christian, Christine, Christina, Christoph, Christopher
Christi, Christie, Christy - Christine, Christina, Christopher
Dale - Dale
Danni, Dannie, Danny - Daniel, Danielle
Ed, Eddi, Eddie, Eddy - Edith, Edmund, Edward, Edwin, Edwina
Fran - Frances, Francis, Francesca, Francesco, Francine
Franki, Frankie, Franky - Frances, Francis, Francesca, Francesco, Francine, Frank, Franklin
Franni, Frannie, Franny - Frances, Francis, Francesca, Francesco, Francine
Freddi, Freddie, Freddy - Fred, Frederick, Frederica
Gabbi, Gabbie, Gabby - Gabriel, Gabriella, Gabrielle
Georgie - George, Georgeanna, Georgette, Georgia, Georgina
Izzi, Izzie, Izzy - Isaac, Isabel, Isabella, Isabelle, Isidore, Isolde, Elizabeth
Jacki, Jackie, Jacky - Jack, Jackson, Jacqueline, John
Jay - Jacob, James, Jamie, Jane, Jayden, Jaeden
Jess - Jesse, Jessica
Jerri, Jerrie, Jerry - Gerald, Geraldine, Gerard, Jeremiah, Jeremy, Jerome
Joey - Joanna, Joanne, Joseph, Josephine
Joss - Jocelyn, Joseph, Josiah
Kel - Kelly, Kelsey
Kris - Kristin, Kristina, Kristine, Kristopher
Leslie - Lester
Liv - Olive, Oliver, Olivia
Lou - Lewis, Louis, Louise, Lucas
Louie - Louis, Louise
Maddi, Maddie, Maddy - Madeline, Madison
Mandi, Mandie, Mandy - Amanda, Amandus, Mandel
Manni, Mannie, Manny - Emanuel, Emmanuel, Emmanuelle, Manfred
Matti, Mattie, Matty - Mathilda, Matilda, Matthew
Max - Maximilian, Maximus, Maxine, Maxwell
Mel - Melanie, Melinda, Melissa, Melody, Melvin, Melina
Micki, Mickie, Mickey, Micky- Michael, Michaela, Michelle, Mikayla
Nat - Nathanael, Natalia, Nathalie, Natasha, Nathan, Nathaniel, Natalie
Nicki, Nickie, Nicky - Nicholas, Nicola, Nicole, Nicolette, Nikita
Oli, Olli, Ollie, Olly - Olive, Oliver, Olivia
Pat - Patricia, Patrick
Patti, Pattie, Patty - Patricia, Patrick
Robbi, Robbie, Robby - Robert, Roberta, Roberto, Robin
Ronni, Ronnie, Ronny - Ronald, Veronica
Sacha, Sascha, Sasha - Alexander, Alexandra
Sal - Sally, Salvador
Sam - Samson, Samuel, Samantha
Sammi, Sammie, Sammy - Samson, Samuel, Samantha
Sandi, Sandie, Sandy - Alexander, Alexandra
Shelli, Shellie, Shelly - Michelle, Sheldon, Shelton
Stevie - Stephanie, Stephen, Steven
Terri, Terrie, Terry - Terence, Teresa, Theresa
Theo - Theobald, Theodora, Theodore, Theodoros
Toni, Tonie, Tony - Anthony, Antonio, Antonia
Val - Valentina, Valentine, Valentino, Valerie
Vic - Vicky, Victor, Victoria
Viv - Vivian, Viviana, Vivien, Vivienne